INSERT INTO `zamowienia` (`id_zamowienia`, `id_user`, `id_diety`, `czas_kupna`, `czas_zakonczenia`, `czas_ostatniej_wysylki`) VALUES
(2, 4, 1, '2019-05-19', '2019-06-18', '2019-05-19'),
(3, 5, 6, '2019-05-19', '2019-06-09', '2019-05-19'),
(4, 2, 3, '2019-05-20', '2019-05-27', '2019-05-19'),
(5, 6, 3, '2019-05-19', '2019-06-10', '2019-05-19'),
(6, 7, 5, '2019-03-03', '2019-03-31', '2019-03-31'),
(7, 8, 2, '2019-05-20', '2019-06-04', '2019-05-19'),
(8, 9, 1, '2019-01-02', '2019-01-30', '2019-01-30'),
(9, 10, 4, '2019-05-20', '2019-06-20', '2019-05-19'),
(10, 11, 3, '2019-04-06', '2019-05-04', '2019-05-04'),
(11, 12, 2, '2019-05-01', '2019-05-15', '2019-05-15'),
(12, 13, 4, '2019-02-01', '2019-03-01', '2019-03-01'),
(13, 14, 1, '2019-05-20', '2019-05-28', '2019-05-19'),
(14, 15, 1, '2019-05-20', '2019-06-20', '2019-05-19'),
(15, 16, 4, '2019-05-22', '2019-06-13', '2019-05-21'),
(16, 17, 5, '2019-05-22', '2019-06-22', '2019-05-21'),
(17, 17, 7, '2019-05-22', '2019-05-30', '2019-05-21'),
(18, 17, 2, '2019-05-22', '2019-06-13', '2019-05-21'),
(19, 17, 2, '2019-05-22', '2019-05-30', '2019-05-21');

INSERT INTO `uzytkownicy` (`id_uzytkownika`, `imie`, `nazwisko`, `email`, `miasto`, `ulica`, `nr_domu`, `nr_mieszkania`, `data_urodzenia`, `plec`, `login`, `password`, `pracownik`, `data_zarejestrowania`) VALUES
(1, 'Kacper', 'Jędrzejewski', 'kacper@jedrzejewski.pl', 'Biala Podlaska', 'Grunwaldzka', '1', '', '1997-02-14', 'M', 'Ashby', 'haslo', 2, '2019-05-18'),
(2, 'Paweł', 'Nowak', 'pawel@nowak.pl', 'Siedlce', 'Wikariego', '5', '22', '1999-05-10', 'M', 'pawelos', 'Nowak', 1, '2019-05-18'),
(4, 'Agnieszka', 'Kowalczyk', 'szczupla@agnieszka.pl', 'Siedlce', '3 Maja', '49', '203', '1998-02-20', 'K', 'szczupla', 'blondynka', 0, '2019-05-13'),
(5, 'Elżbieta', 'II', 'czarna@anglia.com', 'Mikro Brytania', 'Brytyjska', '26', '', '1926-04-21', 'K', 'czarna', 'wdowa', 0, '2019-05-18'),
(6, 'Kacper', 'Jędrzejewski', 'kacper2@jedrzejewski.pl', 'Biała Podlaska', 'Terebelska', '15', '21', '1997-02-14', 'M', 'kacperjpl', 'kacper', 0, '2019-05-19'),
(7, 'Alfred', 'Dąb', 'white@o2.pl', 'Warszawa', 'Poniatowskiego', '10', '52', '1993-08-25', 'M', 'WhiteMen', 'blackmen', 0, '2019-05-19'),
(8, 'Przemysław', 'Boniek', 'przemoc@gmail.com', 'Katowice', 'Spiż', '5', '', '1950-05-22', 'M', 'uzytkownik1', 'user1', 0, '2019-05-19'),
(9, 'Wacław', 'Niedźwiedź', 'bear@gmail.com', 'Kornica', 'Leśna', '1', '', '1991-12-15', 'M', 'uzytkownik2', 'user2', 0, '2019-05-19'),
(10, 'Piotr', 'Szwęg', 'szwa@gmail.com', 'Gdańsk', 'Podmiejska', '15', '31', '1999-09-28', 'M', 'uzytkownik3', 'user3', 0, '2019-05-19'),
(11, 'Grażynka', 'Ciemna', 'grasia@int.pl', 'Siedlce', 'Galerianek', '6', '5', '1985-08-01', 'K', 'uzytkownik4', 'user4', 0, '2019-05-19'),
(12, 'Kamila', 'Ciepła', 'ciepladama@gmail.com', 'Siedlce', 'Francuska', '15', '', '1998-11-14', 'K', 'uzytkownik5', 'user5', 0, '2019-05-19'),
(13, 'Marlena', 'Szczodra', 'merlin@gmail.com', 'Siedlce', 'Zalana', '2', '102', '1992-04-17', 'K', 'uzytkownik6', 'user6', 0, '2019-05-19'),
(14, 'Aleksandra', 'Duda', 'aleksandra@duda.pl', 'Żelków-Kolonia', 'Porzeczkowa', '2', '', '1999-06-06', 'K', 'Honey267267', 'OLAAAA', 0, '2019-05-19'),
(15, 'barry', 'pioter', 'test5@test5.test5', 'Siedlce', '3-go Maja', '49', '203p', '2000-01-01', 'M', 'test5', 'test5', 0, '2019-05-19'),
(16, 'Dominika', 'Witowska', 'dominikaw9@wp.pl', 'Mińsk Mazowiecki', 'Kopernika', '11', '33', '1999-05-19', 'K', 'blondynka1234', 'Dominika', 0, '2019-05-21'),
(17, 'Paweł', 'Nowak', 'pawel1999r@gmail.com', 'Sosnowiec', 'Bezdomna', '15', '69', '1999-06-16', 'M', 'Tfojastara', 'kupa123', 0, '2019-05-21');

INSERT INTO `produkty` (`id_produktu`, `nazwa`) VALUES
(1, 'Mleko'),
(2, 'Chleb'),
(3, 'Polędwica sopocka'),
(4, 'Płatki kukurydziane'),
(5, 'Kasza jaglana'),
(6, 'Olej'),
(7, 'Ryż biały'),
(8, 'Ziemniaki'),
(9, 'Makaron spaghetti'),
(10, 'Papryka'),
(11, 'Twaróg biały'),
(12, 'Miód pszczeli'),
(13, 'Pierś kurczaka bez skóry'),
(14, 'Jogurt naturalny'),
(15, 'Marchew'),
(16, 'Seler'),
(17, 'Kapusta włoska'),
(18, 'Cebula'),
(19, 'Sos sojowy'),
(20, 'Imbir'),
(21, 'Papryka słodka'),
(22, 'Filet z dorsza'),
(23, 'Cytryna'),
(24, 'Tymianek'),
(25, 'Konfitura żurawinowa'),
(26, 'Oliwa z oliwek'),
(27, 'WPC 40 '),
(28, 'Kakao'),
(29, 'Banan'),
(30, 'Płatki owsiane górskie'),
(31, 'Szpinak'),
(32, 'Czekolada '),
(33, 'Brokuł');

INSERT INTO `opinie` (`id_opinii`, `id_user`, `id_diety`, `tekst`, `data_wstawienia`) VALUES
(1, 1, 1, 'Nie jeden warchlak na niej urósł :) Pozdrawiam cieplutko ', '2019-02-14'),
(2, 4, 6, 'W końcu coś dla mnie hihi ^^', '2019-02-26'),
(3, 7, 6, 'Myślę, że to odpowiednia dieta dla początkujących. ', '2019-04-07'),
(4, 7, 5, 'Super, w końcu skończyły się moje problemy.', '2019-05-17'),
(5, 9, 1, 'Biorę się za siebie!!!!1', '2019-05-19'),
(6, 10, 2, 'Kurczak, ryż i kreatyna zrobią ze mnie .... :)', '2018-10-17'),
(7, 11, 3, 'Dieta idealna jak dla mnie ^^', '2018-11-11'),
(8, 11, 5, 'Kolega kolegi opowiadał że szwagierka jego brata ciotecznego od strony matki ma wnuczka i wnuczka dziewczyna ma siostrę która ma chłopaka i jego ojciec testował i poleca ;P', '2019-03-30'),
(9, 12, 2, 'Zróbcie coś ze mną :((((((', '2019-05-19'),
(10, 13, 4, 'Mam nadzieję, że pomoże :#', '2019-05-19'),
(11, 13, 1, 'Jak można tyle zjeść O.o', '2019-05-19'),
(12, 14, 1, 'Polecam wszystkim użytkownikom!\r\n', '2019-05-19'),
(13, 15, 1, 'Dieta tylko dla chucherek. Nie da się najeść. 10k minimum <3', '2019-05-19'),
(14, 2, 7, 'Polecam - Barry Pioter', '2019-05-19');

INSERT INTO `diety` (`id_diety`, `nazwa`, `cena`, `opis`, `kalorycznosc`) VALUES
(1, 'DZiK', 2530, 'Dla prawdziwego dzika, który lubi dużo zjeść.', 5000),
(2, 'Slim', 1200, 'Slim to dieta dedykowana przede wszystkim osobom chcącym zredukować masę ciała.', 1700),
(3, 'Fajter', 2000, 'Fajter to dieta przeznaczona głównie dla osób o dużej aktywności fizycznej i nastawionych na budowę lub utrzymanie wysokiej masy mięśniowej.', 3500),
(4, 'Care', 2000, 'Care to nasz autorski program dedykowany osobom z problemami trawiennymi. Z diety wykluczone są produkty ciężkostrawne, takie jak nasiona roślin strączkowych, warzywa kapustne, produkty z wysoką zawartością laktozy, owoce o wysokiej zawartości łatwo fermentujących węglowodanów.', 1900),
(5, 'No lactose', 1500, 'No Lactose to program dedykowany osobom z nadwrażliwością pokarmową na laktozę. Najczęstszymi objawami nietolerancji cukru mlecznego są dolegliwości trawienne jak np.: wzdęcia, bóle brzucha lub uczucie ciężkości. W menu tej diety jako zamienniki produktów laktozowych wykorzystujemy nabiał bez laktozowy oraz roślinne substytuty nabiału.', 2500),
(6, 'Fit', 1300, 'Fit to dieta zaprojektowana z myślą o osobach aktywnych. Odpowiednio dobrana wartość energetyczna oraz zbilansowane i urozmaicone posiłki pozwalają prowadzić aktywny tryb życia i dbać o dobrą formę.', 1900),
(7, 'Nic', 100, 'Będziesz najedzony i pełen sił. Dieta tylka dla odważnych i wytrwałych. Poleca szef kuchnii.', 152),
(8, 'Kwaśniewskiego', 1550, 'Dieta która pomaga w znalezieniu kolegów', 40);

INSERT INTO `dania` (`id_dania`, `nazwa`) VALUES
(1, 'Kurczak po chińsku z ryżem'),
(2, 'Dorsz pieczony z papryką'),
(3, 'Pierś z kurczaka w sosie żurawinowym'),
(4, 'Shake proteinowy'),
(5, 'Kanapka'),
(7, 'Ciasto szpinakowe z polewą czekoladową');

INSERT INTO `danie_produkt` (`id_dania`, `id_produktu`) VALUES
(1, 12),
(1, 13),
(1, 15),
(1, 16),
(1, 17),
(1, 18),
(1, 19),
(1, 20),
(1, 21),
(2, 21),
(2, 22),
(2, 23),
(2, 24),
(3, 13),
(3, 23),
(3, 24),
(3, 25),
(3, 26),
(4, 1),
(4, 11),
(4, 12),
(4, 23),
(4, 27),
(4, 28),
(4, 29),
(4, 30),
(5, 2),
(5, 3),
(7, 28),
(7, 29),
(7, 30),
(7, 31),
(7, 32),
(8, 1),
(8, 2),
(8, 4),
(8, 23),
(8, 31),
(8, 32),
(9, 1),
(9, 3),
(9, 5),
(9, 6),
(9, 10),
(9, 12),
(9, 14),
(9, 18),
(9, 19),
(9, 20),
(9, 21),
(9, 24),
(9, 25),
(9, 27),
(9, 31),
(9, 33);

INSERT INTO `dieta_danie` (`id_diety`, `id_dania`) VALUES
(1, 1),
(1, 2),
(1, 3),
(1, 4),
(2, 4),
(3, 1),
(4, 2),
(5, 4),
(6, 3),
(7, 9),
(8, 10),
(8, 11),
(8, 12);
